Order ID,Date,Product,Price,Quantity,Purchase Type,Payment Method,Manager,City,Year,Month,Day,Revenue
10452,2022-07-11,Fries,3.49,573.07,Online,Gift Card,Tom      Jackson,London,2022.0,7.0,11.0,2000.0143000000003
10453,2022-07-11,Beverages,2.95,745.76,Online,Gift Card,Pablo Perez,Madrid,2022.0,7.0,11.0,2199.992
10454,2022-07-11,Sides & Other,4.99,200.4,In-store,Gift Card,Joao    Silva,Lisbon,2022.0,7.0,11.0,999.9960000000001
10455,2022-08-11,Burgers,12.99,569.67,In-store,Credit Card,Walter Muller,Berlin,2022.0,8.0,11.0,7400.0133
10456,2022-08-11,Chicken Sandwiches,9.95,201.01,In-store,Credit Card,Walter Muller,Berlin,2022.0,8.0,11.0,2000.0494999999999
10457,2022-08-11,Fries,3.49,573.07,In-store,Credit Card,Remy    Monet,Paris,2022.0,8.0,11.0,2000.0143000000003
10459,2022-08-11,Sides & Other,4.99,200.4,In-store,Credit Card,Walter Muller,Berlin,2022.0,8.0,11.0,999.9960000000001
10460,2022-09-11,Burgers,12.99,554.27,In-store,Credit Card,Remy Monet,Paris,2022.0,9.0,11.0,7199.9673
10461,2022-09-11,Chicken Sandwiches,9.95,201.01,In-store,Credit Card,Remy Monet,Paris,2022.0,9.0,11.0,2000.0494999999999
10462,2022-09-11,Fries,3.49,573.07,In-store,Credit Card,Remy Monet,Paris,2022.0,9.0,11.0,2000.0143000000003
10463,2022-09-11,Beverages,2.95,677.97,In-store,Credit Card,Remy Monet,Paris,2022.0,9.0,11.0,2000.0115000000003
10464,2022-09-11,Sides & Other,4.99,200.4,In-store,Credit Card,Remy     Monet,Paris,2022.0,9.0,11.0,999.9960000000001
10465,2022-10-11,Burgers,12.99,554.27,In-store,Credit Card,Pablo Perez,Madrid,2022.0,10.0,11.0,7199.9673
10466,2022-10-11,Chicken Sandwiches,9.95,201.01,In-store,Credit Card,Pablo Perez,Madrid,2022.0,10.0,11.0,2000.0494999999999
10467,2022-10-11,Fries,3.49,573.07,In-store,Credit Card,Pablo Perez,Madrid,2022.0,10.0,11.0,2000.0143000000003
10468,2022-10-11,Beverages,2.95,677.97,In-store,Credit Card,Pablo Perez,Madrid,2022.0,10.0,11.0,2000.0115000000003
10470,2022-11-11,Burgers,12.99,554.27,In-store,Credit Card,Pablo Perez,Madrid,2022.0,11.0,11.0,7199.9673
10471,2022-11-11,Chicken Sandwiches,9.95,201.01,In-store,Credit Card,Pablo Perez,Madrid,2022.0,11.0,11.0,2000.0494999999999
10472,2022-11-11,Fries,3.49,630.37,In-store,Credit Card,Pablo   Perez,Madrid,2022.0,11.0,11.0,2199.9913
10473,2022-11-11,Beverages,2.95,677.97,In-store,Credit Card,Pablo Perez,Madrid,2022.0,11.0,11.0,2000.0115000000003
10474,2022-11-11,Sides & Other,4.99,200.4,In-store,Credit Card,Pablo Perez,Madrid,2022.0,11.0,11.0,999.9960000000001
10475,2022-12-11,Burgers,12.99,523.48,In-store,Credit Card,Pablo Perez,Madrid,2022.0,12.0,11.0,6800.0052000000005
10476,2022-12-11,Chicken Sandwiches,9.95,201.01,In-store,Credit Card,Pablo Perez,Madrid,2022.0,12.0,11.0,2000.0494999999999
10477,2022-12-11,Fries,3.49,630.37,In-store,Credit Card,Pablo  Perez,Madrid,2022.0,12.0,11.0,2199.9913
10478,2022-12-11,Beverages,2.95,677.97,In-store,Credit Card,Pablo Perez,Madrid,2022.0,12.0,11.0,2000.0115000000003
10479,2022-12-11,Sides & Other,4.99,200.4,In-store,Credit Card,Pablo    Perez,Madrid,2022.0,12.0,11.0,999.9960000000001
10480,,Burgers,12.99,508.08,In-store,Credit Card,Pablo Perez,Madrid,,,,6599.9592
10481,,Chicken Sandwiches,9.95,201.01,In-store,Credit Card,Pablo Perez,Madrid,,,,2000.0494999999999
10482,,Fries,25.5,630.37,In-store,Credit Card,Joao Silva,Lisbon,,,,16074.435
10486,,Chicken Sandwiches,29.05,201.01,In-store,Credit Card,Joao    Silva,Lisbon,,,,5839.3405
10487,,Fries,3.49,630.37,In-store,Credit Card,Joao Silva,Lisbon,,,,2199.9913
10488,,Beverages,2.95,677.97,In-store,Credit Card,Joao Silva,Lisbon,,,,2000.0115000000003
10489,,Sides & Other,4.99,200.4,In-store,Credit Card,Pablo Perez,Madrid,,,,999.9960000000001
10490,,Burgers,12.99,508.08,In-store,Credit Card,Pablo Perez,Madrid,,,,6599.9592
10491,,Chicken Sandwiches,9.95,201.01,In-store,Credit Card,Pablo Perez,Madrid,,,,2000.0494999999999
10492,,Fries,3.49,573.07,In-store,Credit Card,Pablo Perez,Madrid,,,,2000.0143000000003
10493,,Beverages,2.95,677.97,In-store,Credit Card,Pablo Perez,Madrid,,,,2000.0115000000003
10494,,Sides & Other,4.99,200.4,In-store,Credit Card,Pablo Perez,Madrid,,,,999.9960000000001
10495,,Burgers,12.99,508.08,In-store,Credit Card,Pablo Perez,Madrid,,,,6599.9592
10496,,Chicken Sandwiches,9.95,201.01,In-store,Credit Card,Pablo Perez,Madrid,,,,2000.0494999999999
10497,,Fries,3.49,573.07,In-store,Credit Card,Pablo Perez,Madrid,,,,2000.0143000000003
10498,,Beverages,2.95,677.97,Drive-thru,Credit Card,Pablo Perez,Madrid,,,,2000.0115000000003
10499,,Sides & Other,4.99,200.4,Drive-thru,Credit Card,Pablo Perez,Madrid,,,,999.9960000000001
10500,,Burgers,12.99,523.48,Drive-thru,Credit Card,Pablo Perez,Madrid,,,,6800.0052000000005
10501,,Chicken Sandwiches,9.95,201.01,Drive-thru,Credit Card,Pablo Perez,Madrid,,,,2000.0494999999999
10502,,Fries,3.49,630.37,Drive-thru,Credit Card,Pablo Perez,Madrid,,,,2199.9913
10503,,Beverages,2.95,677.97,Drive-thru,Credit Card,Pablo Perez,Madrid,,,,2000.0115000000003
10504,,Sides & Other,4.99,200.4,Drive-thru,Credit Card,Pablo Perez,Madrid,,,,999.9960000000001
10505,,Burgers,12.99,538.88,Drive-thru,Credit Card,Pablo Perez,Madrid,,,,7000.0512
10506,,Chicken Sandwiches,9.95,201.01,Drive-thru,Credit Card,Pablo Perez,Madrid,,,,2000.0494999999999
10507,,Fries,3.49,687.68,Drive-thru,Credit Card,Pablo Perez,Madrid,,,,2400.0032
10508,,Beverages,2.95,677.97,Drive-thru,Credit Card,Pablo Perez,Madrid,,,,2000.0115000000003
10509,,Sides & Other,4.99,200.4,Drive-thru,Credit Card,Pablo Perez,Madrid,,,,999.9960000000001
10510,,Burgers,12.99,508.08,Drive-thru,Credit Card,Pablo Perez,Madrid,,,,6599.9592
10511,,Chicken Sandwiches,9.95,201.01,Drive-thru,Credit Card,Joao Silva,Lisbon,,,,2000.0494999999999
10512,,Fries,3.49,687.68,Drive-thru,Credit Card,Joao Silva,Lisbon,,,,2400.0032
10513,,Beverages,2.95,677.97,Drive-thru,Cash,Joao Silva,Lisbon,,,,2000.0115000000003
10514,,Sides & Other,4.99,200.4,Drive-thru,Cash,Joao Silva,Lisbon,,,,999.9960000000001
10515,,Burgers,12.99,477.29,Drive-thru,Cash,Joao Silva,Lisbon,,,,6199.9971000000005
10516,,Chicken Sandwiches,9.95,201.01,Drive-thru,Cash,Joao Silva,Lisbon,,,,2000.0494999999999
10483,,Beverages,2.95,677.97,In-store,Credit Card,Joao    Silva,Lisbon,,,,2000.0115000000003
10484,,Sides & Other,4.99,200.4,In-store,Credit Card,Joao    Silva,Lisbon,,,,999.9960000000001
10485,,Burgers,12.99,523.48,In-store,Credit Card,Joao    Silva,Lisbon,,,,6800.0052000000005
10520,,Burgers,12.99,492.69,Drive-thru,Cash,Remy Monet,Paris,,,,6400.0431
10521,,Chicken Sandwiches,9.95,201.01,Drive-thru,Cash,Remy Monet,Paris,,,,2000.0494999999999
10522,,Fries,3.49,687.68,Drive-thru,Cash,Remy Monet,Paris,,,,2400.0032
10523,,Beverages,2.95,745.76,Drive-thru,Cash,Remy Monet,Paris,,,,2199.992
10524,,Sides & Other,4.99,200.4,Drive-thru,Cash,Remy Monet,Paris,,,,999.9960000000001
10525,,Burgers,12.99,461.89,Drive-thru,Cash,Remy Monet,Paris,,,,5999.9511
10526,,Chicken Sandwiches,9.95,201.01,Drive-thru,Cash,Remy Monet,Paris,,,,2000.0494999999999
10527,,Fries,3.49,687.68,Drive-thru,Cash,Remy Monet,Paris,,,,2400.0032
10528,,Beverages,2.95,745.76,Drive-thru,Cash,Remy Monet,Paris,,,,2199.992
10529,,Sides & Other,4.99,200.4,Drive-thru,Cash,Remy Monet,Paris,,,,999.9960000000001
10530,,Burgers,12.99,477.29,Drive-thru,Cash,Remy Monet,Paris,,,,6199.9971000000005
10531,,Chicken Sandwiches,9.95,201.01,Drive-thru,Cash,Remy Monet,Paris,,,,2000.0494999999999
10532,,Fries,3.49,687.68,Drive-thru,Cash,Joao Silva,Lisbon,,,,2400.0032
10533,,Beverages,2.95,745.76,Drive-thru,Cash,Joao Silva,Lisbon,,,,2199.992
10534,,Sides & Other,4.99,200.4,Drive-thru,Cash,Pablo Perez,Madrid,,,,999.9960000000001
10535,,Burgers,12.99,477.29,Drive-thru,Credit Card,Pablo Perez,Madrid,,,,6199.9971000000005
10536,,Chicken Sandwiches,9.95,201.01,Drive-thru,Credit Card,Pablo Perez,Madrid,,,,2000.0494999999999
10540,,Burgers,12.99,461.89,Drive-thru,Credit Card,Pablo Perez,Madrid,,,,5999.9511
10541,,Chicken Sandwiches,9.95,201.01,Drive-thru,Credit Card,Tom Jackson,London,,,,2000.0494999999999
10542,,Fries,3.49,630.37,Drive-thru,Credit Card,Tom Jackson,London,,,,2199.9913
10543,,Beverages,2.95,745.76,Drive-thru,Credit Card,Tom Jackson,London,,,,2199.992
10544,,Sides & Other,4.99,200.4,Drive-thru,Credit Card,Tom Jackson,London,,,,999.9960000000001
10545,,Burgers,12.99,446.5,Drive-thru,Credit Card,Tom Jackson,London,,,,5800.035
10546,,Chicken Sandwiches,9.95,201.01,Drive-thru,Credit Card,Tom Jackson,London,,,,2000.0494999999999
10547,,Fries,3.49,630.37,Drive-thru,Credit Card,Tom Jackson,London,,,,2199.9913
10548,,Beverages,2.95,745.76,Drive-thru,Credit Card,Tom Jackson,London,,,,2199.992
10549,,Sides & Other,4.99,200.4,Drive-thru,Credit Card,Tom Jackson,London,,,,999.9960000000001
10550,,Burgers,12.99,461.89,Drive-thru,Credit Card,Tom Jackson,London,,,,5999.9511
10551,,Chicken Sandwiches,9.95,201.01,Drive-thru,Credit Card,Tom Jackson,London,,,,2000.0494999999999
10552,,Fries,3.49,630.37,Online,Credit Card,Tom Jackson,London,,,,2199.9913
10553,,Beverages,2.95,745.76,Online,Credit Card,Tom Jackson,London,,,,2199.992
10554,,Sides & Other,4.99,200.4,Online,Credit Card,Tom Jackson,London,,,,999.9960000000001
10555,,Burgers,12.99,477.29,Online,Credit Card,Tom Jackson,London,,,,6199.9971000000005
10556,,Chicken Sandwiches,9.95,201.01,Online,Credit Card,Tom Jackson,London,,,,2000.0494999999999
10557,,Fries,3.49,630.37,Online,Credit Card,Tom Jackson,London,,,,2199.9913
10558,,Beverages,2.95,677.97,Online,Credit Card,Tom Jackson,London,,,,2000.0115000000003
10559,,Sides & Other,4.99,200.4,Online,Credit Card,Tom Jackson,London,,,,999.9960000000001
10560,,Burgers,12.99,477.29,Online,Credit Card,Tom Jackson,London,,,,6199.9971000000005
10561,,Chicken Sandwiches,9.95,201.01,Online,Credit Card,Tom Jackson,London,,,,2000.0494999999999
10562,,Fries,3.49,630.37,Online,Credit Card,Tom Jackson,London,,,,2199.9913
10563,,Beverages,2.95,677.97,Online,Credit Card,Tom Jackson,London,,,,2000.0115000000003
10564,,Sides & Other,4.99,200.4,Online,Credit Card,Tom Jackson,London,,,,999.9960000000001
10565,,Burgers,12.99,492.69,Online,Credit Card,Tom Jackson,London,,,,6400.0431
10566,,Chicken Sandwiches,9.95,201.01,Online,Credit Card,Tom Jackson,London,,,,2000.0494999999999
10567,,Fries,3.49,630.37,Online,Credit Card,Tom Jackson,London,,,,2199.9913
10568,,Beverages,2.95,677.97,Online,Credit Card,Tom Jackson,London,,,,2000.0115000000003
10569,,Sides & Other,4.99,200.4,Online,Credit Card,Tom Jackson,London,,,,999.9960000000001
10570,2022-01-12,Burgers,12.99,492.69,Online,Credit Card,Tom Jackson,London,2022.0,1.0,12.0,6400.0431
10571,2022-01-12,Chicken Sandwiches,9.95,201.01,Online,Credit Card,Tom Jackson,London,2022.0,1.0,12.0,2000.0494999999999
10572,2022-01-12,Fries,3.49,573.07,Online,Credit Card,Remy Monet,Paris,2022.0,1.0,12.0,2000.0143000000003
10573,2022-01-12,Beverages,2.95,677.97,Online,Credit Card,Remy Monet,Paris,2022.0,1.0,12.0,2000.0115000000003
10574,2022-01-12,Sides & Other,4.99,200.4,Online,Credit Card,Remy Monet,Paris,2022.0,1.0,12.0,999.9960000000001
10575,2022-02-12,Burgers,12.99,523.48,Online,Credit Card,Remy Monet,Paris,2022.0,2.0,12.0,6800.0052000000005
10576,2022-02-12,Chicken Sandwiches,9.95,201.01,Online,Credit Card,Remy Monet,Paris,2022.0,2.0,12.0,2000.0494999999999
10577,2022-02-12,Fries,3.49,630.37,Online,Credit Card,Remy Monet,Paris,2022.0,2.0,12.0,2199.9913
10578,2022-02-12,Beverages,2.95,677.97,Online,Credit Card,Remy Monet,Paris,2022.0,2.0,12.0,2000.0115000000003
10579,2022-02-12,Sides & Other,4.99,200.4,Online,Credit Card,Remy Monet,Paris,2022.0,2.0,12.0,999.9960000000001
10580,2022-03-12,Burgers,12.99,523.48,Online,Credit Card,Remy Monet,Paris,2022.0,3.0,12.0,6800.0052000000005
10581,2022-03-12,Chicken Sandwiches,9.95,201.01,Online,Credit Card,Remy Monet,Paris,2022.0,3.0,12.0,2000.0494999999999
10582,2022-03-12,Fries,3.49,630.37,Online,Credit Card,Tom Jackson,London,2022.0,3.0,12.0,2199.9913
10583,2022-03-12,Beverages,2.95,677.97,Online,Credit Card,Tom Jackson,London,2022.0,3.0,12.0,2000.0115000000003
10584,2022-03-12,Sides & Other,4.99,200.4,Online,Credit Card,Tom Jackson,London,2022.0,3.0,12.0,999.9960000000001
10585,2022-04-12,Burgers,12.99,538.88,Online,Credit Card,Tom Jackson,London,2022.0,4.0,12.0,7000.0512
10586,2022-04-12,Chicken Sandwiches,9.95,201.01,Online,Credit Card,Tom Jackson,London,2022.0,4.0,12.0,2000.0494999999999
10537,,Fries,3.49,630.37,Drive-thru,Credit Card,Pablo Perez,Madrid,,,,2199.9913
10538,,Beverages,2.95,745.76,Drive-thru,Credit Card,Pablo Perez,Madrid,,,,2199.992
10539,,Sides & Other,4.99,200.4,Drive-thru,Credit Card,Pablo Perez,Madrid,,,,999.9960000000001
10590,2022-05-12,Burgers,12.99,554.27,Online,Credit Card,Tom Jackson,London,2022.0,5.0,12.0,7199.9673
10591,2022-05-12,Chicken Sandwiches,9.95,201.01,Online,Credit Card,Tom Jackson,London,2022.0,5.0,12.0,2000.0494999999999
10592,2022-05-12,Fries,3.49,573.07,Online,Credit Card,Tom Jackson,London,2022.0,5.0,12.0,2000.0143000000003
10593,2022-05-12,Beverages,2.95,677.97,Online,Credit Card,Tom Jackson,London,2022.0,5.0,12.0,2000.0115000000003
10594,2022-05-12,Sides & Other,4.99,200.4,Online,Credit Card,Tom Jackson,London,2022.0,5.0,12.0,999.9960000000001
10595,2022-06-12,Burgers,12.99,538.88,Online,Credit Card,Tom Jackson,London,2022.0,6.0,12.0,7000.0512
10596,2022-06-12,Chicken Sandwiches,9.95,201.01,Online,Credit Card,Tom Jackson,London,2022.0,6.0,12.0,2000.0494999999999
10597,2022-06-12,Fries,3.49,573.07,Online,Credit Card,Tom Jackson,London,2022.0,6.0,12.0,2000.0143000000003
10598,2022-06-12,Beverages,2.95,677.97,Online,Credit Card,Tom Jackson,London,2022.0,6.0,12.0,2000.0115000000003
10599,2022-06-12,Sides & Other,4.99,200.4,Online,Credit Card,Tom Jackson,London,2022.0,6.0,12.0,999.9960000000001
10600,2022-07-12,Burgers,12.99,523.48,Online,Credit Card,Tom Jackson,London,2022.0,7.0,12.0,6800.0052000000005
10601,2022-07-12,Chicken Sandwiches,9.95,201.01,Online,Credit Card,Tom Jackson,London,2022.0,7.0,12.0,2000.0494999999999
10602,2022-07-12,Fries,3.49,630.37,Online,Cash,Tom Jackson,London,2022.0,7.0,12.0,2199.9913
10603,2022-07-12,Beverages,2.95,677.97,Online,Cash,Tom Jackson,London,2022.0,7.0,12.0,2000.0115000000003
10604,2022-07-12,Sides & Other,4.99,200.4,Online,Cash,Tom Jackson,London,2022.0,7.0,12.0,999.9960000000001
10605,2022-08-12,Burgers,12.99,538.88,Online,Cash,Tom Jackson,London,2022.0,8.0,12.0,7000.0512
10606,2022-08-12,Chicken Sandwiches,9.95,201.01,Online,Cash,Tom Jackson,London,2022.0,8.0,12.0,2000.0494999999999
10607,2022-08-12,Fries,3.49,630.37,Online,Cash,Tom Jackson,London,2022.0,8.0,12.0,2199.9913
10608,2022-08-12,Beverages,2.95,677.97,Online,Gift Card,Tom Jackson,London,2022.0,8.0,12.0,2000.0115000000003
10609,2022-08-12,Sides & Other,4.99,200.4,Online,Gift Card,Tom Jackson,London,2022.0,8.0,12.0,999.9960000000001
10610,2022-09-12,Burgers,12.99,569.67,Online,Gift Card,Tom Jackson,London,2022.0,9.0,12.0,7400.0133
10611,2022-09-12,Chicken Sandwiches,9.95,201.01,Online,Gift Card,Tom Jackson,London,2022.0,9.0,12.0,2000.0494999999999
10612,2022-09-12,Fries,3.49,630.37,Online,Gift Card,Tom Jackson,London,2022.0,9.0,12.0,2199.9913
10613,2022-09-12,Beverages,2.95,677.97,Online,Gift Card,Tom Jackson,London,2022.0,9.0,12.0,2000.0115000000003
10614,2022-09-12,Sides & Other,4.99,200.4,Online,Gift Card,Tom Jackson,London,2022.0,9.0,12.0,999.9960000000001
10615,2022-10-12,Burgers,12.99,569.67,Online,Gift Card,Tom Jackson,London,2022.0,10.0,12.0,7400.0133
10616,2022-10-12,Chicken Sandwiches,9.95,201.01,Online,Gift Card,Tom Jackson,London,2022.0,10.0,12.0,2000.0494999999999
10617,2022-10-12,Fries,3.49,630.37,Online,Gift Card,Tom Jackson,London,2022.0,10.0,12.0,2199.9913
10618,2022-10-12,Beverages,2.95,677.97,Online,Gift Card,Tom Jackson,London,2022.0,10.0,12.0,2000.0115000000003
10619,2022-10-12,Sides & Other,4.99,200.4,Online,Gift Card,Tom Jackson,London,2022.0,10.0,12.0,999.9960000000001
10620,2022-11-12,Burgers,12.99,585.07,Online,Gift Card,Tom Jackson,London,2022.0,11.0,12.0,7600.059300000001
10621,2022-11-12,Chicken Sandwiches,9.95,201.01,Online,Gift Card,Tom Jackson,London,2022.0,11.0,12.0,2000.0494999999999
10622,2022-11-12,Fries,3.49,630.37,Online,Gift Card,Tom Jackson,London,2022.0,11.0,12.0,2199.9913
10623,2022-11-12,Beverages,2.95,745.76,Online,Gift Card,Tom Jackson,London,2022.0,11.0,12.0,2199.992
10624,2022-11-12,Sides & Other,4.99,200.4,Online,Gift Card,Tom Jackson,London,2022.0,11.0,12.0,999.9960000000001
10625,2022-12-12,Burgers,12.99,569.67,Online,Gift Card,Tom Jackson,London,2022.0,12.0,12.0,7400.0133
10626,2022-12-12,Chicken Sandwiches,9.95,201.01,Online,Gift Card,Tom Jackson,London,2022.0,12.0,12.0,2000.0494999999999
10627,2022-12-12,Fries,3.49,630.37,Online,Gift Card,Tom Jackson,London,2022.0,12.0,12.0,2199.9913
10628,2022-12-12,Beverages,2.95,677.97,Online,Gift Card,Joao Silva,Lisbon,2022.0,12.0,12.0,2000.0115000000003
10629,2022-12-12,Sides & Other,4.99,200.4,Online,Gift Card,Joao Silva,Lisbon,2022.0,12.0,12.0,999.9960000000001
10630,,Burgers,12.99,569.67,Online,Cash,Joao Silva,Lisbon,,,,7400.0133
10631,,Chicken Sandwiches,9.95,201.01,Online,Gift Card,Joao Silva,Lisbon,,,,2000.0494999999999
10632,,Fries,3.49,630.37,Online,Gift Card,Joao Silva,Lisbon,,,,2199.9913
10633,,Beverages,2.95,677.97,Online,Gift Card,Joao Silva,Lisbon,,,,2000.0115000000003
10634,,Sides & Other,4.99,200.4,Online,Gift Card,Joao Silva,Lisbon,,,,999.9960000000001
10635,,Burgers,12.99,554.27,Online,Gift Card,Joao Silva,Lisbon,,,,7199.9673
10636,,Chicken Sandwiches,9.95,221.11,Online,Gift Card,Joao Silva,Lisbon,,,,2200.0445
10637,,Fries,3.49,630.37,Online,Gift Card,Joao Silva,Lisbon,,,,2199.9913
10638,,Beverages,2.95,677.97,Online,Gift Card,Joao Silva,Lisbon,,,,2000.0115000000003
10639,,Sides & Other,4.99,200.4,Online,Gift Card,Joao Silva,Lisbon,,,,999.9960000000001
10640,,Burgers,12.99,538.88,Online,Gift Card,Joao Silva,Lisbon,,,,7000.0512
10641,,Chicken Sandwiches,9.95,221.11,Online,Gift Card,Joao Silva,Lisbon,,,,2200.0445
10642,,Fries,3.49,630.37,Online,Cash,Joao Silva,Lisbon,,,,2199.9913
10643,,Beverages,2.95,677.97,Online,Cash,Joao Silva,Lisbon,,,,2000.0115000000003
10644,,Sides & Other,4.99,200.4,Online,Cash,Joao Silva,Lisbon,,,,999.9960000000001
10645,,Burgers,12.99,569.67,Online,Cash,Joao Silva,Lisbon,,,,7400.0133
10646,,Chicken Sandwiches,9.95,221.11,Online,Cash,Joao Silva,Lisbon,,,,2200.0445
10647,,Fries,3.49,630.37,Online,Gift Card,Joao Silva,Lisbon,,,,2199.9913
10648,,Beverages,2.95,745.76,Online,Gift Card,Joao Silva,Lisbon,,,,2199.992
10649,,Sides & Other,4.99,200.4,Online,Gift Card,Joao Silva,Lisbon,,,,999.9960000000001
10650,,Burgers,12.99,585.07,Online,Gift Card,Joao Silva,Lisbon,,,,7600.059300000001
10651,,Chicken Sandwiches,9.95,221.11,Online,Gift Card,Joao Silva,Lisbon,,,,2200.0445
10652,,Fries,3.49,687.68,Online,Gift Card,Joao Silva,Lisbon,,,,2400.0032
10653,,Beverages,2.95,745.76,Online,Gift Card,Joao Silva,Lisbon,,,,2199.992
10654,,Sides & Other,4.99,200.4,Online,Gift Card,Joao Silva,Lisbon,,,,999.9960000000001
10655,,Burgers,12.99,600.46,Online,Gift Card,Joao Silva,Lisbon,,,,7799.9754
10656,,Chicken Sandwiches,9.95,221.11,Online,Gift Card,Joao Silva,Lisbon,,,,2200.0445
10657,,Fries,3.49,687.68,Online,Gift Card,Joao Silva,Lisbon,,,,2400.0032
10658,,Beverages,2.95,745.76,Online,Cash,Joao Silva,Lisbon,,,,2199.992
10659,,Sides & Other,4.99,200.4,Online,Cash,Joao Silva,Lisbon,,,,999.9960000000001
10660,,Burgers,12.99,631.25,In-store,Cash,Joao Silva,Lisbon,,,,8199.9375
10661,,Chicken Sandwiches,9.95,221.11,In-store,Cash,Joao Silva,Lisbon,,,,2200.0445
10662,,Fries,3.49,630.37,In-store,Cash,Joao Silva,Lisbon,,,,2199.9913
10663,,Beverages,2.95,745.76,In-store,Cash,Joao Silva,Lisbon,,,,2199.992
10664,,Sides & Other,4.99,200.4,In-store,Cash,Joao Silva,Lisbon,,,,999.9960000000001
10665,,Burgers,12.99,646.65,In-store,Cash,Joao Silva,Lisbon,,,,8399.9835
10666,,Chicken Sandwiches,9.95,221.11,In-store,Cash,Joao Silva,Lisbon,,,,2200.0445
10667,,Fries,3.49,630.37,In-store,Cash,Joao Silva,Lisbon,,,,2199.9913
10668,,Beverages,2.95,745.76,In-store,Cash,Joao Silva,Lisbon,,,,2199.992
10669,,Sides & Other,4.99,200.4,In-store,Cash,Joao Silva,Lisbon,,,,999.9960000000001
10670,,Burgers,12.99,677.44,In-store,Cash,Joao Silva,Lisbon,,,,8799.945600000001
10671,,Chicken Sandwiches,9.95,221.11,In-store,Cash,Joao Silva,Lisbon,,,,2200.0445
10672,,Fries,3.49,630.37,In-store,Cash,Joao Silva,Lisbon,,,,2199.9913
10673,,Beverages,2.95,745.76,In-store,Cash,Joao Silva,Lisbon,,,,2199.992
10674,,Sides & Other,4.99,200.4,In-store,Cash,Joao Silva,Lisbon,,,,999.9960000000001
10675,,Burgers,12.99,677.44,In-store,Cash,Joao Silva,Lisbon,,,,8799.945600000001
10676,,Chicken Sandwiches,9.95,241.21,In-store,Cash,Joao Silva,Lisbon,,,,2400.0395
10677,,Fries,3.49,630.37,In-store,Cash,Joao Silva,Lisbon,,,,2199.9913
10678,,Beverages,2.95,745.76,In-store,Cash,Joao Silva,Lisbon,,,,2199.992
10679,,Sides & Other,4.99,200.4,In-store,Cash,Joao Silva,Lisbon,,,,999.9960000000001
10680,,Burgers,12.99,646.65,In-store,Cash,Joao Silva,Lisbon,,,,8399.9835
10681,,Chicken Sandwiches,9.95,241.21,In-store,Cash,Joao Silva,Lisbon,,,,2400.0395
10682,,Fries,3.49,630.37,In-store,Cash,Joao Silva,Lisbon,,,,2199.9913
10683,,Beverages,2.95,677.97,In-store,Cash,Joao Silva,Lisbon,,,,2000.0115000000003
10684,,Sides & Other,4.99,200.4,In-store,Cash,Joao Silva,Lisbon,,,,999.9960000000001
10685,,Burgers,12.99,677.44,In-store,Cash,Joao Silva,Lisbon,,,,8799.945600000001
10686,,Chicken Sandwiches,9.95,241.21,In-store,Cash,Joao Silva,Lisbon,,,,2400.0395
10687,,Fries,3.49,630.37,In-store,Cash,Walter Muller,Berlin,,,,2199.9913
10688,,Beverages,2.95,677.97,In-store,Cash,Walter Muller,Berlin,,,,2000.0115000000003
10689,,Sides & Other,4.99,200.4,In-store,Cash,Walter Muller,Berlin,,,,999.9960000000001
10690,,Burgers,12.99,677.44,In-store,Cash,Walter Muller,Berlin,,,,8799.945600000001
10691,,Chicken Sandwiches,9.95,261.31,In-store,Cash,Walter Muller,Berlin,,,,2600.0344999999998
10692,,Fries,3.49,630.37,In-store,Cash,Walter Muller,Berlin,,,,2199.9913
10693,,Beverages,2.95,677.97,In-store,Cash,Walter Muller,Berlin,,,,2000.0115000000003
10694,,Sides & Other,4.99,200.4,In-store,Cash,Walter Muller,Berlin,,,,999.9960000000001
10695,,Burgers,12.99,692.84,In-store,Cash,Walter Muller,Berlin,,,,8999.991600000001
10696,,Chicken Sandwiches,9.95,281.41,In-store,Cash,Walter Muller,Berlin,,,,2800.0295
10697,,Fries,3.49,630.37,In-store,Cash,Walter Muller,Berlin,,,,2199.9913
10698,,Beverages,2.95,677.97,In-store,Cash,Walter Muller,Berlin,,,,2000.0115000000003
10699,,Sides & Other,4.99,200.4,In-store,Cash,Walter Muller,Berlin,,,,999.9960000000001
10700,,Burgers,12.99,692.84,In-store,Cash,Walter Muller,Berlin,,,,8999.991600000001
10701,,Chicken Sandwiches,9.95,281.41,In-store,Cash,Walter Muller,Berlin,,,,2800.0295
10702,,Fries,3.49,630.37,In-store,Cash,Walter Muller,Berlin,,,,2199.9913
10703,,Beverages,2.95,677.97,In-store,Gift Card,Walter Muller,Berlin,,,,2000.0115000000003
10704,,Sides & Other,4.99,200.4,Drive-thru,Gift Card,Walter Muller,Berlin,,,,999.9960000000001
10705,,Burgers,12.99,723.63,Drive-thru,Gift Card,Walter Muller,Berlin,,,,9399.9537
10706,,Chicken Sandwiches,9.95,301.51,Drive-thru,Gift Card,Walter Muller,Berlin,,,,3000.0244999999995
10707,,Fries,3.49,630.37,Drive-thru,Gift Card,Walter Muller,Berlin,,,,2199.9913
10708,,Beverages,2.95,677.97,Drive-thru,Gift Card,Walter Muller,Berlin,,,,2000.0115000000003
10709,,Sides & Other,4.99,200.4,Drive-thru,Gift Card,Walter Muller,Berlin,,,,999.9960000000001
10710,,Burgers,12.99,754.43,Drive-thru,Gift Card,Walter Muller,Berlin,,,,9800.045699999999
10711,,Chicken Sandwiches,9.95,281.41,Drive-thru,Gift Card,Walter Muller,Berlin,,,,2800.0295
10712,,Fries,3.49,630.37,Drive-thru,Gift Card,Walter Muller,Berlin,,,,2199.9913
10713,,Beverages,2.95,677.97,Drive-thru,Gift Card,Walter Muller,Berlin,,,,2000.0115000000003
